﻿{"cameraMode":{"drawMode":0,"name":"Shaded","section":"Shading Mode"},"sceneLighting":true,"audioPlay":false,"sceneViewState":{"showFog":true,"showMaterialUpdate":false,"showSkybox":true,"showFlares":true,"showImageEffects":true,"showParticleSystems":true},"in2DMode":false,"pivot":{"x":1.643784999847412,"y":4.930471897125244,"z":0.3728376626968384},"rotation":{"x":0.13217850029468537,"y":0.24413010478019715,"z":-0.0336092971265316,"w":0.9601041078567505},"size":15.23589038848877,"orthographic":false}